question-id;video-id;question;hint1;hint2;answer;answer-comm
1;1;Каким по счёту родился в семье актёр театра и кино Антон Лапенко?;Именно столько раз сборная СССР по хоккею становилась чемпионом мира подряд.;Именно под этим номером в сборной своей страны играл легендарный нападающий Роналдо Луис Назарио де Лима.;9;
2;1;Сколько женщин, по собственному утверждению, смог удовлетворить за один съёмочный день известный порноактёр Джон Доу?;Именно такое количество стран насчитывается в Африканском регионе.;Документальный фильм Никиты Михалкова о президенте Путине имеет именно такое название.;55;Джон Доу осчастливил 55 женщин. В Африканском регионе насчитывается 54 независимых государства (по данным ООН) или 55 с учётом всех территорий. Фильм Никиты Михалкова называется «55».
3;1;Сколько лет герой Кристофера Уокена хранил часы в своей заднице перед тем, как отдать их сыну своего друга в фильме «Криминальное чтиво»?;На лицевой стороне купюры этого номинала изображён Томас Джефферсон.;В названии американского комедийного сериала с Чарли Шином есть эта цифра.;2;"Герой хранил часы два года; купюра — 2 доллара; сериал — «Two and a Half Men»."
4;1;Сколько раз в песне Валерия Меладзе «Девушки из высшего общества» звучит фраза «девушки из высшего общества»?;В шахматах существует столько разных видов фигур.;Джеймс Бонд служил в организации, в названии которой есть эта цифра.;6;"Фраза звучит шесть раз; видов шахматных фигур — шесть; Джеймс Бонд служил в MI6."
5;1;Сколько сантиметров составляет длина пениса мексиканца Роберто Эскивеля Кабреры, человека, известного заявлением о самом длинном пенисе в мире?;Он весит около одного килограмма.;Фотоподсказка: Роберто Эскивель Кабрера.;48;Роберто Эскивель Кабрера утверждает, что длина его пениса составляет около 48 см. Его статус мирового рекордсмена оспаривается и Guinness его не признаёт.
6;1;Сколько драже в стандартной пачке Tic Tac?;В названии популярного скетч-шоу начала 2000-х есть это число — оно же похоже на площадь небольшой однокомнатной квартиры.;У англичан этого 26, а у русских столько.;33;"«33 квадратных метра» — комедийный сериал начала 2000-х; в русском алфавите 33 буквы, в английском — 26."
7;2;Какой номер был в названии модели iPhone, в которой впервые появилась Siri?;Именно в стольких городах мира проводят всемирно известные недели моды.;Если верить Хью Гранту, именно столько свадеб приходилось на одни похороны.;4;"Siri была включена в программное обеспечение iPhone 4S 4 октября 2011 года; Нью-Йорк, Лондон, Милан и Париж — города, где проводят недели моды; «Четыре свадьбы и одни похороны»."
8;2;Сколько человек погибло в первой части легендарной серии боевиков «Рэмбо»?;Известно, что во всех четырёх частях «Рэмбо» в общей сложности убиты 438 человек.;Если к этому числу прибавить один, получится название французской комедии с Омаром Си и Франсуа Клюзе.;1;В первом фильме о Рэмбо погиб всего один человек, и то не напрямую от рук Рэмбо, а в результате несчастного случая.
9;2;Сколько секунд, согласно данным сексологов, в среднем длится женский оргазм?;Это в среднем на 14 секунд дольше мужского.;Заставка киностудии 20 Century Fox длится столько секунд.;20;
10;2;С какого этажа Джон Макклейн сбросил Ганса Грубера в первой части фильма «Крепкий орешек»?;Именно столько фигур на шахматной доске в начале партии.;;32;
11;2;Сколько дней жительница кипрского города Лимасол Кивели Папаиоанну провёла в застрявшем лифте?;Именно столько граммов золота содержится в золотой олимпийской медали.;Именно столько мячей забила «Барселона» ПСЖ в ответном матче ЛЧ в 2017 году.;6;Рекорд по продолжительности пребывания в застрявшем лифте приписывают Кивели Папаиоанну. Она провёла в лифте шесть дней. Золотая олимпийская медаль изготавливается из серебра не ниже 925-й пробы, а затем покрывается шестью граммами золота.
12;2;Сколько пуль попало в Тупака Шакура во время смертельного покушения в Лас-Вегасе в 1996 году?;В зданиях Китая, Японии и Кореи иногда пропускают этажи с этим номером.;Это число равно числу пингвинов в мультфильме «Пингвины Мадагаскара».;4;Легендарный Тупак Шакур получил четыре пули и через несколько дней скончался в больнице. Пули попали в грудь (дважды), в правую руку и в бедро. В августе 2026 года Дуэйн Дэвис был признан виновным в организации убийства Тупака.
13;2;В августе 2018 года Мария Параскева вышла замуж в фате, вошедшей в Книгу рекордов Гиннесса как самая длинная в мире. Какой была её длина в километрах?;После выхода  фильма с этой цифрой в названии Брэду Питту был запрещён въезд в Китай.;-;7;Длина фаты Марии Параскевы составила 6962,6 м, что примерно равняется 7 км. Понадобилось около 6 часов и 30 добровольцев, чтобы развернуть кружевную вуаль. Фильмом с Брэдом Питом является драма «Семь лет в Тибете» (1997 год). Китайским властям не понравилось то, как в картине показано вторжение китайской армии в Тибет и представлен образ Далай-ламы
14;2;С какой скоростью при первом сокращении мышц сперма выбрасывается наружу? Ответ в километрах в час?;Дональд Трамп являлся таким по счёту президентом США.;Дебютный альбом группы «Кино» назывался так же.;45;Скорость полёта семенной жидкости при первом сокращении мышц составляет в среднем 45 км/ч. Дональд Трамп – 45-й президент США. Первая пластинка группы «Кино» называлась «45».
15;2;Сколько килограммов настоящего мяса ушло на создание платья Леди Гаги в 2010 году?;Олимпийские игры в Москве в 1980 году были именно такими по счёту.;Это число соответствует самому продолжительному дню в году.;22;
16;2;Сколько подсолнухов на картине Ван Гога «Подсолнухи» в Лондонской национальной галерее?;Столько серий в сериале «Бригада».;Столько человек приходится на сундук мертвеца в пиратской песне.;15;"На картине 15 подсолнухов; 15 серий «Бригады»; 15 человек на сундук мертвеца."
17;2;Сколько раз Курт Кобейн произносит фразу в финальном припеве самой популярной песни Nirvana?;В этой по счёту серии «Игры престолов» погибает Нед Старк.;Народная молва связывает это число с жизненным циклом кошек.;9;"Кобейн произносит фразу 9 раз; Нед Старк погибает в 9 серии; у кошки 9 жизней."
18;2;Сколько всего фильмов в саге о Гарри Поттере?;Столько бит в одном байте.;;8;Семь книг о Гарри Поттере экранизировали в восьми фильмах: последнюю книгу, «Дары Смерти», разделили на две части.
19;16;Под каким числом вышел следующий сольный альбом Басты после «Баста 4»?;В названии известного универсального аэрозоля WD есть именно это число.;Именно столько разбойников обхитрил Али-Баба в знаменитой сказке.;40;После «Баста 4» следующий сольный альбом Василия Вакуленко получил название «Баста 40». В выпуске число также связывают со спреем WD-40 и сорока разбойниками из сказки об Али-Бабе.
20;16;Сколько биткоинов стоили две пиццы Papa John’s в первой известной покупке за биткоины в 2010 году?;Если бы покупатель заплатил за две пиццы сегодня тем же количеством биткоинов, их стоимость составила бы сотни миллионов долларов.;Распространённая рекомендация по ежедневной физической активности — проходить именно столько шагов в день.;10000;22 мая 2010 года две пиццы были куплены за 10 000 биткоинов. В выпуске говорится, что тогда эта сумма составляла примерно 25 долларов, а спустя годы те же монеты стоили бы уже сотни миллионов долларов.
21;16;Сколько раз Эвандер Холифилд успешно защищал чемпионский титул в тяжёлом весе?;Именно столько главных героинь в романе Луизы Мэй Олкотт «Маленькие женщины».;На момент выпуска в официальной дискографии Адель было именно столько студийных альбомов.;4;В выпуске Холифилда называют рекордсменом по числу успешных защит чемпионского титула в тяжёлом весе — четыре раза. У Адель к этому моменту также было четыре номерных альбома: «19», «21», «25» и «30».
22;16;Сколько бегемотов изначально привезли из Африки в частный зоопарк Пабло Эскобара?;Именно столько звёзд на погонах капитана.;В названии российской комедии начала 2000-х на одну собаку приходится именно столько таксистов.;4;Для зоопарка Пабло Эскобара привезли одного самца и трёх самок — всего четыре бегемота. После смерти Эскобара животных не вывезли, и со временем их популяция в Колумбии значительно выросла.
23;16;Сколько тысяч долларов предложил порносайт французскому прыгуну с шестом Антони Аммирати за часовое веб-кам-шоу после Олимпиады 2024 года?;Эта сумма была примерно втрое больше выплаты, которую французский спортсмен получил бы за золотую олимпийскую медаль.;В кулинарных рецептах одна чашка часто принимается примерно за такое количество миллилитров.;250;Антони Аммирати стал вирусным героем Олимпиады 2024 года после неудачной попытки на высоте 5,70 м. В выпуске рассказывается, что представитель CamSoda предложил ему 250 тысяч долларов за часовое веб-кам-шоу.
24;16;Сколько миллионов долларов стоит место в склепе на Вествудском кладбище рядом с Мэрилин Монро и Хью Хефнером?;В российских школах самой короткой обычно считается именно эта по счёту учебная четверть.;Именно столько океанов омывают Африку.;2;Место в склепе рядом с Мэрилин Монро и Хью Хефнером выставили на продажу за 2 млн долларов. В выпуске также рассказывается, что Хефнер когда-то приобрёл своё место рядом с Монро за 75 тысяч долларов.
25;16;Сколько миллионов деревьев посадила группа Coldplay в рамках экологической программы тура Music of the Spheres?;Именно столько городов входит в классический маршрут Золотого кольца России.;На момент выпуска именно столько фильмов насчитывала серия «Миссия невыполнима» с Томом Крузом.;8;Во время тура Music of the Spheres Coldplay стремилась снизить углеродный след: музыканты использовали электромобили, биотопливо и кинетические танцполы. В выпуске говорится, что группа профинансировала посадку 8 млн деревьев по всему миру.
26;16;Сколько лет составил перерыв между студийными альбомами ABBA «The Visitors» и «Voyage»?;Нормальная беременность человека длится примерно столько недель.;Если выразить правильный ответ в днях, в выпуске получается 14 585 дней.;40;Альбом ABBA «The Visitors» вышел в ноябре 1981 года, а «Voyage» — в ноябре 2021-го. Таким образом, перерыв между студийными альбомами группы составил 40 лет.
27;16;За сколько миллионов долларов в 2021 году продали работу Бэнкси «Девочка с воздушным шаром», прошедшую через встроенный в раму шредер?;На аукционе в 2018 году эта работа стоила значительно дешевле, а сразу после удара молотка начала самоуничтожаться.;Именно на таком этаже живёт возлюбленная лирического героя песни группы «Корни».;25;После аукциона 2018 года встроенный в раму шредер частично уничтожил работу Бэнкси. Покупательница сохранила арт-объект, а спустя три года его продали примерно за 25 млн долларов — в выпуске отмечается, что цена выросла примерно в 18 раз.
28;16;Сколько долларов стоил музыкальный плеер, выпущенный Канье Уэстом к альбому «Donda»?;На российской банкноте такого номинала изображён Севастополь.;На момент выпуска стоимость плеера в рублях была примерно сопоставима с российским МРОТ.;200;К десятому альбому Канье Уэста «Donda», названному в честь его матери, был выпущен специальный плеер. Он позволял менять отдельные элементы композиций — вокал, ударные и эффекты — и стоил 200 долларов.
29;16;Сколько человек ходило по поверхности Луны со времени первой высадки Нила Армстронга?;Именно столько дюймов в одном футе.;Именно столько разгневанных мужчин в названии знаменитого фильма.;12;
30;17;Сколько человек за всю историю родилось в Антарктиде?;Именно столько лет было Натали Портман, когда её выбрали на роль Матильды в фильме «Леон».;На 2025 год сериал «САШАТАНЯ» идёт на ТНТ именно столько лет.;11;Первым человеком, родившимся в Антарктиде, стал Эмилио Маркос Пальма. После него на континенте родились ещё 10 человек — всего 11.
31;17;Под каким номером было убежище, в котором главный герой начинает игру в первой части Fallout, выпущенной в 1997 году?;Самый долгий зафиксированный полёт курицы длился именно столько секунд.;Боязнь этого числа называется трискайдекафобией.;13;
32;17;Сколько раундов длился самый продолжительный официальный боксёрский поединок в истории?;В среднем гепард может разогнаться примерно до такой скорости в километрах в час.;Бытовую электросеть США в разговорной речи часто называют сетью с таким напряжением в вольтах.;110;"6 апреля 1893 года в Новом Орлеане Джек Бёрк и Энди Боуэн провели бой за титул чемпиона Юга в лёгком весе. Поединок продолжался 7 часов 19 минут и растянулся на 110 раундов; призовой фонд составил 2500 долларов."
33;17;Сколько лет шёл по телевидению самый длинный сериал в истории — «Путеводный свет»?;Памела Андерсон в 2024 году отметила именно такой по счёту день рождения.;Последние две цифры года запуска первого искусственного спутника Земли совпадают с правильным ответом.;57;Сериал «Путеводный свет» насчитывал 15 763 серии и шёл 57 лет. По подсчёту из выпуска, чтобы посмотреть его целиком без перерывов, понадобилось бы 164 дня 4 часа 30 минут.
34;17;На каком году брака, согласно данным исследований, супружеские пары чаще всего разводятся?;Серхио Рамос и Сергей Игнашевич в клубах долгое время выступали под этим номером.;Столько базовых арифметических операций: сложение, вычитание, умножение и деление.;4;
35;17;Сколько нулей было в самой крупной купюре зимбабвийских долларов?;С этого возраста в России подросток при соблюдении необходимых условий может зарегистрироваться как индивидуальный предприниматель.;В одной из распространённых таблиц соответствия российскому 47-му размеру мужской обуви соответствует такой размер в американской системе.;14;"Во время гиперинфляции в Зимбабве появилась банкнота номиналом 100 триллионов зимбабвийских долларов. Число 100 000 000 000 000 содержит 14 нулей; в выпуске также упоминается инфляция свыше 88 000%."
36;20;Сколько раз Леонардо Ди Каприо был номинирован на премию «Оскар» как актёр, прежде чем получить её?;В 2024–2025 годах на экраны вышла именно такая часть мультфильма «Гадкий я».;Китай занимает это место среди стран мира по общей площади.;4;"1994 год — номинация за фильм «Что гложет Гилберта Грейпа»; 2005 год — за фильм «Авиатор»; 2007 год — за фильм «Кровавый алмаз»; 2014 год — за фильм «Волк с Уолл-стрит». Спустя два года Леонардо Ди Каприо получил «Оскар» за фильм «Выживший»."
37;20;Федеральная служба государственной статистики назвала наиболее подорожавшие в 2024 году продукты. Оказывается, сильнее всего за год подорожал именно картофель. На сколько процентов подорожал картофель?;В году, соответствующем правильному ответу, в современной России появились знаменитые ваучеры.;Бензин с таким октановым числом считается одним из самых ходовых в России.;92;
38;20;В июле 2024 года шведы Эмиль Ольссон и Фредрик Нильссон установили мировой рекорд по продолжительности игры в настольный теннис. Сколько часов длился их матч?;Именно столько человек можно увидеть на картине Леонардо да Винчи «Тайная вечеря».;Атомный номер алюминия в периодической таблице — именно такой.;13;
39;20;58-летнюю китайскую чиновницу Чжун Ян после коррупционного расследования пресса прозвала «самой любвеобильной начальницей»: выяснилось, что у неё были отношения с большим количеством подчинённых. Сколько любовников ей приписывали?;Часы Судного дня на 2025 год показывают именно такое количество минут.;В названии сольного альбома Егора Крида есть это число.;58;Чиновницу Чжун Ян после коррупционного расследования пресса прозвала «самой любвеобильной начальницей». Ей приписывали отношения с 58 мужчинами. Часы Судного дня на момент формулировки вопроса показывали 58 минут.
40;20;Как известно, праздничные и выходные дни в календаре отмечают красным цветом. Сколько в 2025 году в России будет таких красных дней в календаре?;Именно столько лет составляет возраст самого старого дерева в горшке.;Популярный фильм «Семь жизней» с Уиллом Смитом длится именно столько минут без учёта титров.;118;
41;20;Сколько дней Павел Дуров провёл под арестом во Франции в 2024 году?;Размотанная валторна будет такой длины в метрах.;Именно столько комнат посетил Портье в исполнении Тима Рота в одноимённом комедийном фильме.;4;24 августа 2024 года Павел Дуров был задержан в аэропорту Ле-Бурже. После четырёх суток под арестом ему предъявили обвинения, отпустили под залог и запретили покидать территорию Франции. Длина валторны, если её размотать, составляет около 4 метров. «Четыре комнаты» — комедия с Тимом Ротом в одной из главных ролей.
42;20;Гастрономическая энциклопедия TasteAtlas опубликовала рейтинг 100 лучших кухонь мира на основе 477000 отзывов о 15500 блюд из базы проекта. Какое место в этом списке заняли блюда русской кухни?;Название одного из самых распространённых интернет-мемов — «Правило номер ...» — соответствует правильному ответу.;В европейской сетке размеров женской одежды этому числу соответствует размер XS.;34;
43;20;Мортен Харкет является рекордсменом по длительности удержания ноты. В главном хите Харкета «Summer Moved On» он удерживал одну ноту именно столько секунд. Сколько?;Легендарный советский хоккеист Владислав Третьяк выступал именно под этим номером.;В названии книги Жюля Верна о подводной лодке есть это число.;20;
44;20;Всем известно, что человек может прожить вполне себе полноценную жизнь без почки или даже без лёгкого. Но вот американец Стэн Ларкин пошёл в этом отношении дальше всех. Он смог прожить без сердца именно столько дней. Сколько?;Это число есть в названии марки популярных британских табачных изделий.;-;555;
45;20;В мире есть множество разнообразных флагов. Однако флаг государства Белиз стоит особняком: на нём изображено наибольшее количество цветов. Сколько цветов на флаге Белиза?;Трасса с этим порядковым номером соединяет Москву и Казань, а в дальнейшем протянется даже до Тюмени.;Именно столько разгневанных мужчин решали судьбу подростков в юридической драме 1957 года.;12;
46;20;Сколько раз Россия занимала на Евровидении второе место?;Именно столько групп инструментов входят в состав оркестра.;-;4;Второе место занимали Алсу в 2000 году, Дима Билан в 2006 году, «Бурановские бабушки» в 2012 году и Полина Гагарина в 2015 году. В оркестр входят струнные, деревянные духовые, медные духовые и ударные инструменты.
47;20;Самая низкая температура воздуха, непосредственно измеренная на метеостанции, была зарегистрирована на станции «Восток» в Антарктиде. Сколько градусов ниже нуля по Цельсию было в этот самый холодный день?;Если вы соберётесь набрать это число на компьютере, то на клавиатуре вам нужно будет нажать на кнопки, на которых есть также знаки звёздочка и открывающая скобка.;В 2025 году Вуди Аллену исполнилось столько лет.;89;21 июля 1983 года учёные антарктической экспедиции станции «Восток» зафиксировали самую низкую температуру в истории метеонаблюдений — −89,2 °C.
48;20;Сколько персиков изображено на картине «Девочка с персиками»?;На эту годовщину свадьбы принято дарить свечи или изделия из льна.;Именно столько музыкантов было в составе многих знаменитых музыкальных групп, например The Beatles.;4;
49;20;Сколько раз Александр Лукашенко объявлялся победителем президентских выборов в Беларуси по состоянию на 2025 год?;Именно столько королевств воевали между собой в «Игре престолов».;Именно стольких принципов придерживаются в своём кодексе бусидо великие японские воины.;7;
50;21;Сколько сантиметров составила трасса для гонки сперматозоидов в США?;Максимальное число, которое присутствует в стандартной мишени для дартса.;Спустя столько лет мушкетёры встретились вновь.;20;
51;21;Сколько римских пап с именем Иоанн управляли церковью за всю историю католичества?;Известно, что вторым по популярности именем среди пап является имя Бенедикт. Бенедиктов было 19.;Именно столько секунд в баскетболе отводится на атаку.;24;
52;21;Как известно, футбольные арбитры компенсируют остановки в игре дополнительными минутами в конце каждого тайма. В 2025 году в матче между сборными Ирана и ОАЭ в рамках квалификации на чемпионат мира к первому тайму было добавлено рекордное количество минут. Сколько?;Тимоти Шаламе в 2025 году был именно в этом возрасте.;Именно столько сантиметров составляет длина стопы для 45-го размера обуви.;29;
53;21;Сколько лет Робинзон Крузо провёл на необитаемом острове?;В арабском алфавите именно столько букв.;В названии фильма про зомби-апокалипсис именно столько дней, затем месяцев, а потом лет.;28;
54;21;Жительница Индии Далджиндер Каур является одной из самых пожилых рожениц мира. Сколько ей было лет на момент родов?;Столько минут в среднем длится перелёт из Москвы в Санкт-Петербург.;В 2025 году Стинг отметил такой по счёту день рождения.;72;
55;21;Сколько российских и советских фильмов получали «Золотую пальмовую ветвь» Каннского кинофестиваля?;Известно, что «Оскар» отечественные фильмы выигрывали в четыре раза чаще.;По версии лирической героини популярной песни сады имеют обыкновение цвести именно столько раз в календарном году.;1;
56;21;Сколько слов в русском языке не имеет корня?;Именно столько дней из жизни Ивана Денисовича описывает в своём рассказе нобелевский лауреат Александр Солженицын.;Именно столько героев в остросюжетном фильме «Погребённый заживо».;1;
57;21;Сколько миллиардов долларов Майкл Джордан заработал за карьеру и коммерческие проекты к 2025 году?;Именно столько цветов на флаге ОАЭ.;В психологии традиционно выделяют столько основных типов темперамента.;4;
58;21;Сколько миллионов долларов собрала диснеевская «Белоснежка» 2025 года в первый уик-энд мирового проката?;Фотоподсказка. Именно столько этажей в «Лахта-центре».;-;87;
59;21;108-летняя японка Шицуи Хакоиси была признана старейшим работающим парикмахером в мире. Сколько лет она проработала по профессии?;Именно столько минут длится один полный оборот МКС вокруг Земли.;Минимальная длина футбольного поля для официальных соревнований составляет столько метров.;90;Шицуи Хакоиси получила лицензию парикмахера в 1935 году, а через три года вместе с мужем открыла салон. К моменту рекорда её профессиональный стаж составлял около 90 лет.
60;22;Евгений Татаринов, студент Камчатского государственного университета, получил одну из крупнейших студенческих стипендий в России. Сколько тысяч рублей составляла эта стипендия?;Именно такой юбилей отмечало в 2025 году Московское метро.;Если вам посчастливится прожить в браке со своей половиной столько лет, то вы совершенно точно отметите гранитную свадьбу.;90;
61;22;По подсчётам, диснеевская принцесса Мулан по числу экранных убийств превосходит многих злодеев слэшеров. Сколько врагов ей приписывают?;В этот год вышла песня группы Coolio «Gangsta's Paradise».;В этот же год вышли культовые картины: «Схватка», «Храброе сердце» и «Ширли-Мырли».;1995;
62;22;Сколько метров подо льдом проплыла фридайвер Екатерина Некрасова на Байкале, поставив мировой рекорд?;Столько минут идёт фильм «Джокер».;Единая медицинская справочная служба имеет именно такой короткий телефонный номер.;122;
63;22;Сколько серий в сериале «Друзья»?;Спортсменка из Словении Ника Превц установила мировой рекорд в прыжках на лыжах с трамплина, прыгнув на такое же количество метров.;На момент съёмки выпуска в 2025 году примерно столько долларов можно было купить за 18 845 рублей.;236;
64;22;Сколько девушек появляется в клипе Валерия Меладзе «Девушки из высшего общества»?;Крестьянское сливочное масло имеет именно такой процент жирности.;В этом году такой по счёту день рождения отмечают и Микки Рурк, и Анатолий Вассерман.;72;
65;22;Сколько звёзд изображено на картине «Звёздная ночь» Ван Гога?;Большинство современных футбольных мячей состоят из двадцати белых шестиугольников и стольких пятиугольников чёрного цвета.;В названии волшебной сказки Самуила Маршака есть это число.;12;
66;22;Сколько букв в самом длинном названии географического места на планете?;"В этом году мир услышал Nirvana ""Smells Like Teen Spirit"".";Бензин с таким октановым числом считается одним из самых ходовых в России.;92;Тауматавакатангихангакоауауотаматеатурипукапикимаунгахоронукупокайвенуакитанатаху — холм в Новой Зеландии. В английской записи названия насчитывается 92 буквы, в то время как официальный новозеландский вариант на маори содержит 85 букв.
67;22;В каком году последний раз все люди находились на Земле, а не в космосе?;PlayStation 2 вышла в том же году.;Это число воспела в своём творчестве группа «Мумий Тролль».;2000;С 2 ноября 2000 года на Международной космической станции постоянно находятся люди, поэтому с тех пор человечество ни разу не было целиком на поверхности Земли.
68;22;67-летний Муса Хасанья — глава одной из самых больших семей в Уганде. Самому старшему наследнику Хасаньи уже больше 50 лет, а самому младшему — всего 6. Сколько всего детей у Мусы Хасаньи?;Известно, что внуков у Хасаньи — 568.;-;102;Иметь такую внушительную семью Хасанья смог благодаря законам Уганды, которые не запрещают многожёнство. Муса живёт с двенадцатью женщинами. С недавних пор Хасанья приказал своим жёнам начать принимать противозачаточные средства.
69;22;Сколько конфет обычно находится в жёлтой пачке M&M’s?;-;-;20;
70;23;Сколько лет держался рекорд Уэйна Гретцки до того, как его побил Овечкин?;Крупнейший в мире российский транспортный вертолёт имеет в своём названии это число.;В игровой колоде столько карт чёрной масти.;26;Рекорд Уэйна Гретцки по голам в регулярных чемпионатах НХЛ (894 шайбы) держался 26 лет — с марта 1999 года, когда канадский нападающий забил свой последний гол, до апреля 2025 года, когда его превзошёл Александр Овечкин.
71;23;Сколько видов животных представлено в Московском зоопарке на 2025 год?;Год рождения Марко Поло.;-;1254;
72;23;Сколько килограммов мяса северного оленя предлагали за билеты на полуфинал Лиги Европы?;Сколько российских и советских писателей становились обладателями Нобелевской премии по литературе.;Сколько фильмов вышло в кинофраншизе «Индиана Джонс».;5;
73;23;Сколько человек уместилось в салоне «Запорожца» на рекордном фестивале ретроавтомобилей?;В Северной Корее, Таджикистане и Восточном Тиморе в этом возрасте наступает совершеннолетие.;-;17;
74;23;Сколько букв в самом длинном названии населённого пункта в России?;Столько минут длится финальный бой в фильме «Мстители: Финал», а именно кульминационная битва с Таносом.;-;23;Населённый пункт — село Верхненовокутлумбетьево в Оренбургской области.
75;23;В скольких странах развод запрещён на законодательном уровне?;Мячик для пинг-понга весит столько граммов.;-;2;
76;23;Сколько тысяч деталей LEGO понадобилось для создания полноразмерного автомобиля?;-;-;400;
77;23;Сколько стоит часовой сеанс психолога для кастрированных котов?;Концепция Малкольма Гладуэлла гласит, что нужно именно столько часов, чтобы стать мастером своего дела.;-;10000;
78;23;Сколько лет длится миллиард секунд?;В НХЛ участвует такое количество хоккейных команд.;-;32;
79;23;За сколько дней британский велосипедист Марк Бомонт объехал земной шар, установив рекорд?;Атомный номер золота в периодической таблице — именно такой.;-;79;
80;23;Сколько кругосветных путешествий совершил Фёдор Конюхов?;Вкусовые рецепторы во рту позволяют ощущать именно столько основных вкусов.;-;5;
81;23;Сколько миллионов долларов Илон Маск предлагал матерям своих детей за соглашение о конфиденциальности до совершеннолетия ребёнка?;-;-;15;
82;23;Сколько человек изображено на картине Карла Брюллова «Последний день Помпеи»?;Кровь совершает полный оборот в организме за столько секунд.;У человека именно столько пар хромосом.;23;
83;23;Сколько миллионов рублей стоит самый дорогой билет на 11-дневный нудистский круиз по Карибам, известный как «Большая голая лодка»?;-;-;3;
84;24;Сколько букв содержит таблица Сивцева, используемая для проверки остроты зрения?;В этом году произошла высадка на Луну.;;69;
85;24;Сколько миллионов долларов получил Вин Дизель за озвучивание фразы «Я есть Грут»?;-;-;54;
86;24;Сколько человек были исключены за нарушения во время ЕГЭ-2025?;-;-;649;
87;26;Сколько в русском языке слов, начинающихся на «Й»?;В 2025 году Биллу Мюррею исполнилось столько лет.;;74;
88;26;Согласно мировому рекорду 2017 года, сколько раз подряд Трэвис Скотт исполнил свою песню «Goosebumps»?;По данным за 2025 год, россияне в среднем ежемесячно тратили примерно столько миллиардов рублей на антидепрессанты.;В этом возрасте любой россиянин имеет право подать заявление на смену имени, фамилии или отчества.;14;
89;26;Согласно мировому рекорду, сколько часов Линда Федотова простояла на гвоздях?;Майкл Джексон имел в своём активе такое количество наград ««Грэмми»».;В октябре 2025 года t.A.T.u. дали совместный концерт в Москве после перерыва примерно в столько лет.;15;
90;26;Согласно антирекорду, сколько раз Арнольд Зоммерфельд номинировался на получение Нобелевской премии?;Известно, что вторым «неудачником» считается Зигмунд Фрейд: он номинировался на Нобелевскую премию целых 32 раза.;В году, соответствующем правильному ответу, вышла первая часть знаменитой комедийной кинофраншизы «Полицейская академия».;84;
91;26;Сколько всего правил было в «Бойцовском клубе»?;По состоянию на 2025 год у Леди Гаги было именно столько студийных альбомов.;Для многих любителей хоккея это число напрямую ассоциируется с Александром Овечкиным.;8;
92;26;Какова глубина станции метро «Парк Победы» в метрах?;В названии самой популярной в России книжной антиутопии есть это число.;Сколько граммов в батончике Bounty из двух кусочков.;84;
93;26;Сколько золотых зубов было у Джека Воробья в фильмах «Пираты Карибского моря»?;Именно столько раз старик встречался с золотой рыбкой в сказке Пушкина.;По планам, актуальным в 2025 году, следующая часть «Пиратов Карибского моря» должна была стать именно такой по счёту.;6;
94;27;Николя Саркози приговорили к пяти годам лишения свободы за взятки. Сколько дней он отсидел на самом деле?;Экс-президента Египта Мухаммеда Мурси и экс-президента Аргентины Рейнальдо Биньоне посадили на столько лет.;В ноябре Верховный суд штата Джорджия закрыл последнее уголовное дело против президента США Дональда Трампа, связанное с попыткой якобы вмешаться в выборы две тысячи такого года.;20;
95;27;Примерно в 9:30 утра, через полчаса после открытия музея, преступники проникли в Лувр и похитили две витрины с королевскими ценностями на много миллионов долларов. Сколько предметов они унесли?;В сериале «Игра престолов» столько сезонов.;Учащуюся такого класса средней общеобразовательной школы воспел в своём творчестве Виктор Цой.;8;
96;27;Матч в Танзании пришлось остановить из-за налёта пчёл. Сколько минут эта пауза добавила к основному времени?;В названии популярной мировой индастриал-рок-группы есть это число.;В названии знаменитого российского фильма Фёдора Бондарчука о советских солдатах есть это число.;9;
97;27;77-летний мужчина из Франции сорвался в 40-метровый овраг. Сколько дней он выживал там за счёт купленных продуктов и вина?;Популярная актриса Мерил Стрип имеет в своём активе такое количество ««Оскаров»».;В живописи существует такое количество первичных цветов, из которых можно получить все остальные.;3;
98;27;Сколько солнечных затмений произошло в 2025 году?;Именно столько человек входит в состав стандартной команды по керлингу.;По состоянию на 2025 год в основной кинофраншизе «Матрица» было именно столько фильмов.;4;
99;27;В стремлении быстро и много заработать житель Кубани украл с работы более 1000 лотерейных билетов. Сколько тысяч рублей стоили похищенные билеты?;В названии дебютного и самого популярного альбома группы t.A.T.u. есть это число.;По шкале IQ результаты свыше этого числа считаются проявлением гениальности.;200;
100;27;Согласно брачному контракту Николь Кидман и Кита Урбана, сколько тысяч долларов Николь должна была бы выплатить мужу за каждый год трезвости?;По данным проката на момент выпуска в 2025 году, «Формула-1» с Брэдом Питтом собрала около стольких миллионов долларов.;Криштиану Роналду зарабатывает именно столько рублей в секунду.;600;
101;27;Сколько секунд понадобилось Габриэль Уолл, чтобы пробежать 100 м босыми ногами по деталям LEGO?;Самое известное произведение композитора Никколо Паганини — «Каприз № ...», и этот номер соответствует правильному ответу.;У человека, как правило, такое количество рёбер, если вы не Мэрилин Мэнсон или Артемий Лебедев.;24;
102;27;Всего известно 88 созвёздий. А сколько новых созвёздий в 2025 году открыл Марк Томпсон?;В НБА игрок удаляется с площадки за такое количество персональных фолов.;В 2014 году мир увидел именно такую модель iPhone.;6;
103;27;Сколько будет стоить андроид, который сможет вынашивать ребёнка от «зачатия» до родов, в тысячах долларов?;Легендарный французский футболист Тьерри Анри вошёл в историю под этим номером.;Именно столько дней в среднем длится инкубационный период коронавирусной инфекции.;14;
104;27;Сколько стоит часовой сеанс чесания спины в объявлении на «Авито»?;В названии одного из самых известных романов Пауло Коэльо об одинокой бразильянке, ищущей смысл жизни через работу в борделе, есть это число.;Примерно столько метров составляет глубина Марианской впадины.;11000;
105;27;На сколько градусов наклонялся над сценой король поп-музыки Майкл Джексон?;20 апреля 2025 года Василий Вакуленко, он же Баста, он же Нагано, он же Нинтендо и так далее, отметил такой по счёту день рождения.;Один из самых известных пистолетов Colt популярен во многом благодаря такому калибру.;45;
106;28;Сколько бабушек на 2026 год работает в штате нью-йоркского ресторана, где поварами работают только бабушки?;В названии одной из серий советского фильма про приключения Шерлока Холмса и доктора Ватсона есть это число.;В игре «Морской бой» корабли занимают ровно столько клеток на игровом поле.;20;
107;28;В Британии существует скульптура из конфискованных полицией ножей. Арт-объект создан для привлечения внимания к использованию холодного оружия. Сколько тысяч конфискованных ножей ушло на создание скульптуры?;В последний раз деньги такого номинала были в России в 1995 году.;В названии крупнейшего распространителя лотерей в России есть это число.;100;
108;28;Сколько рублей в секунду, по расчётам на 2026 год, зарабатывает Криштиану Роналду?;Известно, что в день его зарплата составляет чуть больше 50 млн рублей.;Так называемые «новые русские» в анекдотах обычно передвигались на автомобиле, в названии которого есть это число.;600;
109;28;Сколько долларов стоит пятиминутный сеанс объятий в Китае?;В короне Статуи Свободы именно столько лучей.;В названии одного из самых популярных газированных напитков есть это число.;7;
110;28;В рейтинге самых прибыльных вымышленных персонажей Forbes за 2025 год Винни-Пух занял второе место. Сколько миллиардов долларов ему приписали?;Микки-Маус находится на первом месте и зарабатывает чуть меньше 10 миллиардов.;В культовом приключенческом сериале Lost именно столько сезонов.;6;
111;28;Сколько баллов даёт снитч в квиддиче из «Гарри Поттера»?;В первой игре Гриффиндора против Слизерина общий счёт был 170:60, причём до последней минуты Гриффиндор проигрывал.;Примерно на таком расстоянии в километрах от Москвы находится Переславль-Залесский.;150;
112;28;Сколько лет длилось самое продолжительное известное ношение брекетов у пациента?;Трек Бруно Марса «Uptown Funk» по версии журнала Billboard стал самым популярным в мире ровно столько лет назад по состоянию на 2025 год.;Чтобы сделать страйк в боулинге, необходимо сбить именно столько кеглей.;10;
113;28;Сколько лет было Альберту Эйнштейну, когда в 1905 году он опубликовал работу по специальной теории относительности?;В названии самого большого в мире вертолёта есть это число.;Одному из лучших футболистов мира Килиану Мбаппе в 2024 году исполнилось столько лет.;26;
114;28;Сколько основных цветов радужной оболочки глаза обычно выделяют без учёта оттенков?;Атомный номер кислорода в периодической таблице — именно такой.;Оказывается, у Дэнни Оушена были не только друзья, но и подруги, именно столько.;8;Синий, голубой, серый, зелёный, буро-жёлто-зелёный, жёлтый, карий, чёрный.
115;28;В последнее время набирают популярность туры в Северную Корею. Но если не повезёт с погодой, можно провести время перед телевизором. Сколько телеканалов можно посмотреть в Северной Корее?;Именно столько монет Буратино закопал на Поле чудес, минус 1.;Именно столько персиков на картине Серова «Девочка с персиками».;4;В список входят Корейское центральное телевидение, спортивный канал, Mansudae TV и образовательный Ryongnamsan TV. Доступность отдельных каналов может зависеть от региона и периода.
116;28;Сколько длился самый долгий зафиксированный полёт курицы?;Экватор пересекает именно такое количество стран.;Россию по периметру омывает столько морей.;13;Курица фермера Жан-Пьера с 5-метровой.
117;29;Программист Джеймс Хауэлс в 2013 году случайно выбросил диск с биткойн-кошельком. Двенадцать лет он искал диск на свалке, но сдался. Сколько биткойнов он потерял?;По оценкам 2026 года, стоимость потерянного биткоин-кошелька приближалась к 1 млрд долларов.;Расстояние между Москвой и Чикаго по воздуху составляет столько км.;8000;В 2009 году Хауэлс намайнил столько биткоинов на своём старом компьютере. В 2013 году он случайно выбросил диск, а когда вспомнил о нём, тот уже был на свалке.
118;29;Проблема жилья становится одной из самых животрепещущих среди россиян. Но если вы неприхотливы, вас может устроить и кладовка. Сколько миллионов стоит самая дорогая кладовка площадью 20 кв. м в элитном жилом комплексе рядом с метро?;В России именно в этом возрасте уже можно получить водительские права на управление мотоциклом и вступить в брак с разрешения органов опеки.;В названии популярного московского музыкального клуба есть это число.;16;
119;29;В автогонках «Формулы-1» могут принимать участие как мужчины, так и женщины. Сколько женщин принимало участие в автогонках?;В знаменитой комедийной кинофраншизе «Очень страшное кино» на сегодняшний день вышло столько фильмов.;Именно на стольких башнях Московского Кремля есть звёзды.;5;Всего участвовали пять женщин, причём квалификацию прошли только две.
120;29;В боулинге номер шара обозначает его вес в фунтах. Так сколько фунтов весит самый тяжёлый шар для боулинга?;В плей-офф НБА проходит столько команд.;В номерах банковских карт именно столько цифр.;16;
121;29;Американка Кимберли Винтер попала в книгу рекордов Гиннесса, рыгнув громче всех. Сколько децибел зафиксировано в самой громкой женской отрыжке?;По статистике сезона 2025/26, команды НБА в среднем совершают примерно столько бросков с игры за матч.;В 2025 году исполнилось столько лет со дня декрета о создании Рабоче-крестьянской Красной армии.;107;В 2025 году Кимберли Винтер установила рекорд женской отрыжки в 107 дБ, а в марте 2026 года улучшила собственный результат до 108 дБ.
122;29;Сколько лет было кенийцу Кимани Маруге — самому старому первокласснику?;В году, соответствующем правильному ответу, была основана культовая группа Modern Talking.;В этом же году компания Apple выпустила первый персональный компьютер Macintosh.;84;Кимани родился в селе, где не имел возможности посещать школу. В 2003 году кенийское правительство ввело бесплатное начальное образование, чем Кимани и воспользовался в возрасте 84 лет.
123;29;Самый короткий алфавит в Европе — у итальянцев. Сколько в нём букв?;В 2025 году исполнилось столько лет с момента, когда «Властелин колец: Возвращение короля» получил 11 ««Оскаров»».;Чтобы гарантированно выиграть в блэкджеке, необходимо набрать именно столько очков.;21;
124;29;Броненосец — одно из древнейших млекопитающих, живших ещё при динозаврах. На сколько месяцев самки броненосцев в стрессовых ситуациях могут отложить роды или задержать беременность?;Продолжительность беременности броненосцев составляет всего 4 месяца.;В католической традиции именно в этот день отмечают Сочельник.;24;
125;30;Сколько лет прошло между выходом 5-й и 6-й частей GTA?;Столько цифр содержит ИНН — индивидуальный номер налогоплательщика.;В теле человека есть кишка именно с таким числовым названием.;12;
126;30;Сколько сантиметров в талии (окружности живота) у мужчины — это уже абдоминальное ожирение?;Культовый фильм Квентина Тарантино «Криминальное чтиво» вышел на экраны в году, соответствующем правильному ответу.;Римскими цифрами это число записывается так: XCIV.;94;Измерение живота производится в положении стоя, при нормальном дыхании, строго на уровне пупка. Если окружность живота составляет 94 см, это указывает на абдоминальное ожирение.
127;30;Сколько шайб забила сборная Южной Кореи в крупнейшей победе в истории международного хоккея — матче против Таиланда?;В России календарные весна и лето длятся столько дней.;Второй по популярности вид топлива в России.;92;Шайба оказывалась в воротах сборной Таиланда в среднем каждые 39 секунд.
128;30;Сколько царей из династии Романовых носили имя Пётр?;Популярная актриса Фрэнсис Макдорманд имеет в своём активе такое количество ««Оскаров»».;Именно столько всадников на картине Васнецова «Богатыри».;3;
129;30;В одноимённой сказке Алладин находит лампу в пещёре и выпускает из неё Джинна. Джинн был счастлив выбраться, так как провёл в лампе 10 тысяч лет. А сколько всего тысяч лет Джинну?;С 2028 года именно с такого возраста мужчины будут выходить на пенсию в России.;Столько лет прошло с полёта Гагарина в космос по состоянию на 2026 год.;65;Согласно Disney Wiki, Джинну 65 тысяч лет.
130;30;В России на 2026 год существует большой спрос на омоложение пениса. Запись на процедуры расписана на месяцы вперёд. Мужчины старше 35 лет делают инъекции гиалуроновой кислоты, эффект сохраняется до 18 месяцев. Сколько в среднем тысяч рублей стоит одна такая процедура?;В дореволюционной России алфавит состоял именно из стольких букв.;Если температура вашего тела составляет столько градусов, значит, у вас совершенно точно гипотермия.;35;
131;30;В физике радуга — это непрерывный спектр. Количество называемых цветов в каждой стране различно и зависит от культуры и языка. Сколько цветов в радуге выделяют японцы?;Это число ассоциируется с популярным интернет-мемом, который стал формой абсурдного ответа или вирусной фразой.;Если это число произносить без мягкого знака, то получится название спортивного снаряда или орудия труда стриптизёрши.;6;Жители Китая выделяют 5 цветов радуги, жители США — 6 цветов, а в некоторых странах Африки и Океании радугу разделяют на светлые, тёмные и красные оттенки. Японцы выделяют 6 цветов, так как синий и зелёный у них традиционно объединяются.
132;30;Сколько клавиш на стандартной полноразмерной клавиатуре?;Правильный ответ соответствует телефонному номеру газовой службы в РФ.;-;104;
;;;;;;
;;;;;;
;;;;;;
;;;;;;
;;;;;;
;;;;;;
;;;;;;
;;;;;;
;;;;;;
;;;;;;
;;;;;;
;;;;;;
;;;;;;
;;;;;;
;;;;;;
;;;;;;
;;;;;;
;;;;;;
;;;;;;
;;;;;;
;;;;;;
;;;;;;
;;;;;;
;;;;;;
;;;;;;
;;;;;;
;;;;;;
;;;;;;
;;;;;;
